Feature,Importance
MonthlyIncome,0.06348810645704647
Age,0.06015964811299041
DailyRate,0.04728895240340828
TotalWorkingYears,0.04662777664979436
MonthlyRate,0.04660017117745366
HourlyRate,0.046273355096616155
DistanceFromHome,0.04266646115214517
YearsAtCompany,0.03939095479128444
OverTime_Yes,0.03561069629286823
NumCompaniesWorked,0.03494591794071791
